<?xml version="1.0" encoding="UTF-8"?><fo:root xmlns:fo="http://www.w3.org/1999/XSL/Format"><fo:layout-master-set><fo:simple-page-master page-height="150mm" page-width="210mm" margin="5mm 25mm 5mm 25mm" master-name="PageMaster"><fo:region-body margin="20mm 0mm 20mm 0mm"/></fo:simple-page-master></fo:layout-master-set><fo:page-sequence master-reference="PageMaster"><fo:flow flow-name="xsl-region-body"><fo:block-container border="thin solid green" position="absolute" padding="20pt"><fo:block-container position="absolute" bottom="0" height="70%" width="100%"><fo:block>
		       <fo:block font-size="32px" color="black" text-align="center">PREDIKCIA CASOVYCH RADOV</fo:block>
            <fo:block font-size="28px" color="black" text-align="center">Prezentacia bakalarskej prace</fo:block>
            <fo:block font-size="28px" color="black" text-align="center">Autory: Tomas Liscak, Peter Lacko</fo:block>
	</fo:block></fo:block-container></fo:block-container></fo:flow></fo:page-sequence><fo:page-sequence master-reference="PageMaster"><fo:flow flow-name="xsl-region-body"><fo:block-container border="thin solid green" position="absolute" padding="20pt">
   <fo:block-container position="absolute" top="0" height="24%" overflow="hidden">
		    <fo:block font-size="32px" color="black" text-align="center">Uvod do problematiky</fo:block>
   </fo:block-container>

   <fo:block-container position="absolute" bottom="0" height="74%">
                <fo:block-container start-indent="0.5cm"><fo:list-block>
                  <fo:list-item><fo:list-item-label end-indent="label-end()" start-indent="0.5cm"><fo:block><fo:inline>·</fo:inline></fo:block></fo:list-item-label><fo:list-item-body start-indent="1cm"><fo:block font-size="24px" color="black">Predikcia je ekonomicky vyhodna vec</fo:block></fo:list-item-body></fo:list-item>
                  <fo:list-item><fo:list-item-label end-indent="label-end()" start-indent="0.5cm"><fo:block><fo:inline>·</fo:inline></fo:block></fo:list-item-label><fo:list-item-body start-indent="1cm"><fo:block font-size="24px" color="black">Casovy rad ako postupnost hodnot premennej</fo:block></fo:list-item-body></fo:list-item>
                  <fo:list-item><fo:list-item-label end-indent="label-end()" start-indent="0.5cm"><fo:block><fo:inline>·</fo:inline></fo:block></fo:list-item-label><fo:list-item-body start-indent="1cm"><fo:block font-size="24px" color="black">Predikcia hlada kauzalitu medzi historickymi hodnotami danej premennej, alebo hodnotami inych premennych </fo:block></fo:list-item-body></fo:list-item>
                  <fo:list-item><fo:list-item-label end-indent="label-end()" start-indent="0.5cm"><fo:block><fo:inline>·</fo:inline></fo:block></fo:list-item-label><fo:list-item-body start-indent="1cm"><fo:block font-size="24px" color="black">Nahodne kauzality su externy sum</fo:block></fo:list-item-body></fo:list-item>
                </fo:list-block></fo:block-container>
    </fo:block-container>
	</fo:block-container></fo:flow></fo:page-sequence><fo:page-sequence master-reference="PageMaster"><fo:flow flow-name="xsl-region-body"><fo:block-container border="thin solid green" position="absolute" padding="20pt">
  <fo:block-container position="absolute" top="0" height="24%" overflow="hidden">
		<fo:block font-size="32px" color="black" text-align="center">Uvod do problematiky</fo:block>
  </fo:block-container>

   <fo:block-container position="absolute" bottom="0" height="74%">
                <fo:block-container start-indent="0.5cm"><fo:list-block>
                  <fo:list-item><fo:list-item-label end-indent="label-end()" start-indent="0.5cm"><fo:block><fo:inline>·</fo:inline></fo:block></fo:list-item-label><fo:list-item-body start-indent="1cm"><fo:block font-size="24px" color="black">Kratkodoba a dlhodoba predikcia</fo:block></fo:list-item-body></fo:list-item>
                  <fo:list-item><fo:list-item-label end-indent="label-end()" start-indent="0.5cm"><fo:block><fo:inline>·</fo:inline></fo:block></fo:list-item-label><fo:list-item-body start-indent="1cm"><fo:block font-size="24px" color="black">Pochopitelnost modelov</fo:block></fo:list-item-body></fo:list-item>
                  <fo:list-item><fo:list-item-label end-indent="label-end()" start-indent="0.5cm"><fo:block><fo:inline>·</fo:inline></fo:block></fo:list-item-label><fo:list-item-body start-indent="1cm"><fo:block font-size="24px" color="black">Rozne modely pre predikciu</fo:block></fo:list-item-body></fo:list-item>
                  <fo:list-item><fo:list-item-label end-indent="label-end()"/><fo:list-item-body start-indent="1cm"><fo:block-container start-indent="0.5cm"><fo:list-block>
                           <fo:list-item><fo:list-item-label end-indent="label-end()" start-indent="0.5cm"><fo:block><fo:inline>·</fo:inline></fo:block></fo:list-item-label><fo:list-item-body start-indent="1cm"><fo:block font-size="24px" color="black"><fo:inline font-style="italic">Regresia, ARMA, Kalmanov Filter</fo:inline></fo:block></fo:list-item-body></fo:list-item>
                           <fo:list-item><fo:list-item-label end-indent="label-end()" start-indent="0.5cm"><fo:block><fo:inline>·</fo:inline></fo:block></fo:list-item-label><fo:list-item-body start-indent="1cm"><fo:block font-size="24px" color="black"><fo:inline font-style="italic">Analyza casoveho radu</fo:inline></fo:block></fo:list-item-body></fo:list-item>
                           <fo:list-item><fo:list-item-label end-indent="label-end()" start-indent="0.5cm"><fo:block><fo:inline>·</fo:inline></fo:block></fo:list-item-label><fo:list-item-body start-indent="1cm"><fo:block font-size="24px" color="black"><fo:inline font-style="italic">Neuronove siete</fo:inline></fo:block></fo:list-item-body></fo:list-item>
                           </fo:list-block></fo:block-container></fo:list-item-body></fo:list-item>
                </fo:list-block></fo:block-container>
   </fo:block-container>
	</fo:block-container></fo:flow></fo:page-sequence><fo:page-sequence master-reference="PageMaster"><fo:flow flow-name="xsl-region-body"><fo:block-container border="thin solid green" position="absolute" padding="20pt">
   <fo:block-container position="absolute" top="0" height="24%" overflow="hidden">
		<fo:block font-size="32px" color="black" text-align="center">Regresia</fo:block>
   </fo:block-container>
   
   <fo:block-container position="absolute" bottom="0" height="74%">
         <fo:block-container position="absolute" top="0" height="24%" overflow="hidden">
                <fo:block-container start-indent="0.5cm"><fo:list-block>
                  <fo:list-item><fo:list-item-label end-indent="label-end()" start-indent="0.5cm"><fo:block><fo:inline>·</fo:inline></fo:block></fo:list-item-label><fo:list-item-body start-indent="1cm"><fo:block font-size="24px" color="black">Technika hladajuca vztah nezavislych premennych od zavislej <fo:inline font-style="italic">(regresne koeficienty)</fo:inline></fo:block></fo:list-item-body></fo:list-item>
                  <fo:list-item><fo:list-item-label end-indent="label-end()" start-indent="0.5cm"><fo:block><fo:inline>·</fo:inline></fo:block></fo:list-item-label><fo:list-item-body start-indent="1cm"><fo:block font-size="24px" color="black" font-weight="bold">y = b(0) * x(0) + b(1) * x(1) + b(2) * x(2)</fo:block></fo:list-item-body></fo:list-item>
                  <fo:list-item><fo:list-item-label end-indent="label-end()" start-indent="0.5cm"><fo:block><fo:inline>·</fo:inline></fo:block></fo:list-item-label><fo:list-item-body start-indent="1cm"><fo:block font-size="24px" color="black">Problem klamlivej kauzality v pripade korelacie</fo:block></fo:list-item-body></fo:list-item>
              </fo:list-block></fo:block-container>
         </fo:block-container> 

        <fo:block-container position="absolute" bottom="0" height="74%">
                  <fo:block-container position="absolute" left="0" width="49%"><fo:block font-size="24px" color="black">Jednoducha linearna regresia</fo:block><fo:block><fo:external-graphic src="url(jednoducharegresia.png)" role="jednoducha linearna regresia" content-height="scale-to-fit" content-width="scale-to-fit" width="300px" height="500px"/></fo:block></fo:block-container>
                  <fo:block-container position="absolute" right="0" width="49%"><fo:block font-size="24px" color="black">Viacnasobna linearna regresia</fo:block><fo:block><fo:external-graphic src="url(viacnasobnaregresia.png)" role="viacnasobna linearna regresia" content-height="scale-to-fit" content-width="scale-to-fit" width="300px" height="500px"/></fo:block></fo:block-container>
        </fo:block-container>
   </fo:block-container>
	</fo:block-container></fo:flow></fo:page-sequence><fo:page-sequence master-reference="PageMaster"><fo:flow flow-name="xsl-region-body"><fo:block-container border="thin solid green" position="absolute" padding="20pt">
   <fo:block-container position="absolute" top="0" height="24%" overflow="hidden">
		<fo:block font-size="32px" color="black" text-align="center">Analyza casoveho radu</fo:block>
   </fo:block-container>

   <fo:block-container position="absolute" bottom="0" height="74%">
     <fo:block-container position="absolute" left="0" width="49%">
                <fo:block-container start-indent="0.5cm"><fo:list-block>
                  <fo:list-item><fo:list-item-label end-indent="label-end()" start-indent="0.5cm"><fo:block><fo:inline>·</fo:inline></fo:block></fo:list-item-label><fo:list-item-body start-indent="1cm"><fo:block font-size="24px" color="black">Sezonnost, cyklickost, trend a nahodna zlozka</fo:block></fo:list-item-body></fo:list-item>
                  <fo:list-item><fo:list-item-label end-indent="label-end()" start-indent="0.5cm"><fo:block><fo:inline>·</fo:inline></fo:block></fo:list-item-label><fo:list-item-body start-indent="1cm"><fo:block font-size="24px" color="black">Cyklicka kriza, sezonna nakupna horucka</fo:block></fo:list-item-body></fo:list-item>
                  <fo:list-item><fo:list-item-label end-indent="label-end()" start-indent="0.5cm"><fo:block><fo:inline>·</fo:inline></fo:block></fo:list-item-label><fo:list-item-body start-indent="1cm"><fo:block font-size="24px" color="black">Metoda klzavych priemerov</fo:block></fo:list-item-body></fo:list-item>
                  <fo:list-item><fo:list-item-label end-indent="label-end()" start-indent="0.5cm"><fo:block><fo:inline>·</fo:inline></fo:block></fo:list-item-label><fo:list-item-body start-indent="1cm"><fo:block font-size="24px" color="black">Hladanie opisnej matematickej funkcie pre rad</fo:block></fo:list-item-body></fo:list-item>
                </fo:list-block></fo:block-container>
    </fo:block-container>
    <fo:block-container position="absolute" right="0" width="49%">
                <fo:block-container start-indent="0.5cm"><fo:list-block>
                  <fo:list-item><fo:list-item-label end-indent="label-end()" start-indent="0.5cm"><fo:block><fo:inline>·</fo:inline></fo:block></fo:list-item-label><fo:list-item-body start-indent="1cm"><fo:block font-size="24px" color="black" font-weight="bold">Y = T * P * e</fo:block></fo:list-item-body></fo:list-item>
                 <fo:list-item><fo:list-item-label end-indent="label-end()" start-indent="0.5cm"><fo:block><fo:inline>·</fo:inline></fo:block></fo:list-item-label><fo:list-item-body start-indent="1cm"><fo:block font-size="24px" color="black" font-weight="bold">Y = T + P + e</fo:block></fo:list-item-body></fo:list-item>
                 <fo:list-item><fo:list-item-label end-indent="label-end()" start-indent="0.5cm"><fo:block><fo:inline>·</fo:inline></fo:block></fo:list-item-label><fo:list-item-body start-indent="1cm"><fo:block font-size="24px" color="black" font-weight="bold">P = S + C</fo:block></fo:list-item-body></fo:list-item>
                 <fo:list-item><fo:list-item-label end-indent="label-end()" start-indent="0.5cm"><fo:block><fo:inline>·</fo:inline></fo:block></fo:list-item-label><fo:list-item-body start-indent="1cm"><fo:block font-size="24px" color="black">Clanok podrobnejsie opisujuci analyzu casovych radov<fo:basic-link external-destination="url(http://fsi.uniza.sk/kkm/old/publikacie/pp/pp_kap_10.pdf)" color="blue">
        (STUBA)
     </fo:basic-link></fo:block></fo:list-item-body></fo:list-item>
               </fo:list-block></fo:block-container>
    </fo:block-container>
  </fo:block-container>
	</fo:block-container></fo:flow></fo:page-sequence><fo:page-sequence master-reference="PageMaster"><fo:flow flow-name="xsl-region-body"><fo:block-container border="thin solid green" position="absolute" padding="20pt">
   <fo:block-container position="absolute" top="0" height="24%" overflow="hidden">
		<fo:block font-size="32px" color="black" text-align="center">Kalmanov filter</fo:block>
   </fo:block-container>

   <fo:block-container position="absolute" bottom="0" height="74%">
        <fo:block-container position="absolute" top="0" height="24%" overflow="hidden">
                  <fo:block-container start-indent="0.5cm"><fo:list-block>
                        <fo:list-item><fo:list-item-label end-indent="label-end()" start-indent="0.5cm"><fo:block><fo:inline>·</fo:inline></fo:block></fo:list-item-label><fo:list-item-body start-indent="1cm"><fo:block font-size="24px" color="black">Zmiesava predikciu na zaklade odhadu fungovania systemu a na zaklade odhadu z minulych hodnot, teda zohladnuje dve hlavne stranky informacii.</fo:block></fo:list-item-body></fo:list-item>
                  </fo:list-block></fo:block-container>
         </fo:block-container>
         
        <fo:block-container position="absolute" bottom="0" height="74%">
                <fo:block-container position="absolute" left="0" width="49%">
                   <fo:block><fo:external-graphic src="url(kalmanov1.png)" role="prekryv gausovych zvonov" content-height="scale-to-fit" content-width="scale-to-fit" width="300px" height="500px"/></fo:block>
                </fo:block-container>
                <fo:block-container position="absolute" right="0" width="49%">
                   <fo:block><fo:external-graphic src="url(kalmanov2.png)" role="prekryv gausovych zvonov" content-height="scale-to-fit" content-width="scale-to-fit" width="300px" height="500px"/></fo:block>
                </fo:block-container>
        </fo:block-container>
  </fo:block-container>
	</fo:block-container></fo:flow></fo:page-sequence><fo:page-sequence master-reference="PageMaster"><fo:flow flow-name="xsl-region-body"><fo:block-container border="thin solid green" position="absolute" padding="20pt">
   <fo:block-container position="absolute" top="0" height="24%" overflow="hidden">
		<fo:block font-size="32px" color="black" text-align="center">Neuronove siete</fo:block>
   </fo:block-container>

   <fo:block-container position="absolute" bottom="0" height="74%">
        <fo:block-container position="absolute" left="0" width="49%">
                  <fo:block-container start-indent="0.5cm"><fo:list-block>
                        <fo:list-item><fo:list-item-label end-indent="label-end()" start-indent="0.5cm"><fo:block><fo:inline>·</fo:inline></fo:block></fo:list-item-label><fo:list-item-body start-indent="1cm"><fo:block font-size="24px" color="black">Univerzalne aproximatory funkcii</fo:block></fo:list-item-body></fo:list-item>
                        <fo:list-item><fo:list-item-label end-indent="label-end()" start-indent="0.5cm"><fo:block><fo:inline>·</fo:inline></fo:block></fo:list-item-label><fo:list-item-body start-indent="1cm"><fo:block font-size="24px" color="black">Naucenie siete charakteru radu, ktory sa potom snazi generalizovat na netrenovanych vstupoch, najma pri  <fo:inline font-style="italic">"pattern recognition"</fo:inline></fo:block></fo:list-item-body></fo:list-item>
                        <fo:list-item><fo:list-item-label end-indent="label-end()" start-indent="0.5cm"><fo:block><fo:inline>·</fo:inline></fo:block></fo:list-item-label><fo:list-item-body start-indent="1cm"><fo:block font-size="24px" color="black"><fo:inline font-weight="bold">+ </fo:inline>Negarantuju konvergenciu ku globalnemu minimu, komplikovane nastavenie parametrov, casovo narocne na trenovanie</fo:block></fo:list-item-body></fo:list-item>
                        <fo:list-item><fo:list-item-label end-indent="label-end()" start-indent="0.5cm"><fo:block><fo:inline>·</fo:inline></fo:block></fo:list-item-label><fo:list-item-body start-indent="1cm"><fo:block font-size="24px" color="black"><fo:inline font-weight="bold">- </fo:inline>Kvalita predikcie</fo:block></fo:list-item-body></fo:list-item>
                  </fo:list-block></fo:block-container>
         </fo:block-container>
         
        <fo:block-container position="absolute" right="0" width="49%">
                        <fo:block-container start-indent="0.5cm"><fo:list-block> 
                                          <fo:list-item><fo:list-item-label end-indent="label-end()" start-indent="0.5cm"><fo:block><fo:inline>·</fo:inline></fo:block></fo:list-item-label><fo:list-item-body start-indent="1cm"><fo:block font-size="24px" color="black"><fo:inline font-weight="bold">Typy ucenia</fo:inline></fo:block></fo:list-item-body></fo:list-item>
                                          <fo:list-item><fo:list-item-label end-indent="label-end()"/><fo:list-item-body start-indent="1cm"><fo:block-container start-indent="0.5cm"><fo:list-block>
                                                    <fo:list-item><fo:list-item-label end-indent="label-end()" start-indent="0.5cm"><fo:block><fo:inline>·</fo:inline></fo:block></fo:list-item-label><fo:list-item-body start-indent="1cm"><fo:block font-size="24px" color="black">Kontrolovane</fo:block></fo:list-item-body></fo:list-item>
                                                    <fo:list-item><fo:list-item-label end-indent="label-end()" start-indent="0.5cm"><fo:block><fo:inline>·</fo:inline></fo:block></fo:list-item-label><fo:list-item-body start-indent="1cm"><fo:block font-size="24px" color="black">Nekontrolovane</fo:block></fo:list-item-body></fo:list-item>
                                                    <fo:list-item><fo:list-item-label end-indent="label-end()" start-indent="0.5cm"><fo:block><fo:inline>·</fo:inline></fo:block></fo:list-item-label><fo:list-item-body start-indent="1cm"><fo:block font-size="24px" color="black">Na zaklade hodnotenia cinnosti</fo:block></fo:list-item-body></fo:list-item>
                                          </fo:list-block></fo:block-container></fo:list-item-body></fo:list-item>
                        </fo:list-block></fo:block-container>
                   <fo:block><fo:external-graphic src="url(neuron.png)" role="zakladna struktura neuronu" content-height="scale-to-fit" content-width="scale-to-fit" width="300px" height="500px"/></fo:block>
        </fo:block-container>
  </fo:block-container>
	</fo:block-container></fo:flow></fo:page-sequence><fo:page-sequence master-reference="PageMaster"><fo:flow flow-name="xsl-region-body"><fo:block-container border="thin solid green" position="absolute" padding="20pt">
   <fo:block-container position="absolute" top="0" height="24%" overflow="hidden">
		<fo:block font-size="32px" color="black" text-align="center">Navrh a implementacia</fo:block>
   </fo:block-container>

   <fo:block-container position="absolute" bottom="0" height="74%">   
                         <fo:block-container start-indent="0.5cm"><fo:list-block> 
                                          <fo:list-item><fo:list-item-label end-indent="label-end()" start-indent="0.5cm"><fo:block><fo:inline>·</fo:inline></fo:block></fo:list-item-label><fo:list-item-body start-indent="1cm"><fo:block font-size="24px" color="black"><fo:inline font-weight="bold">Implementacia siete pomocou kniznice Oger, ako nadstavba na MDP (Modular Data Processing)</fo:inline></fo:block></fo:list-item-body></fo:list-item>
                                          <fo:list-item><fo:list-item-label end-indent="label-end()"/><fo:list-item-body start-indent="1cm"><fo:block-container start-indent="0.5cm"><fo:list-block>
                                                    <fo:list-item><fo:list-item-label end-indent="label-end()" start-indent="0.5cm"><fo:block><fo:inline>·</fo:inline></fo:block></fo:list-item-label><fo:list-item-body start-indent="1cm"><fo:block font-size="24px" color="black">Priprava davok dat (vstupne, ucebne)</fo:block></fo:list-item-body></fo:list-item>
                                                    <fo:list-item><fo:list-item-label end-indent="label-end()" start-indent="0.5cm"><fo:block><fo:inline>·</fo:inline></fo:block></fo:list-item-label><fo:list-item-body start-indent="1cm"><fo:block font-size="24px" color="black">Trenovanie toku (funkcne jednotky rezervoar a linearna regresia)</fo:block></fo:list-item-body></fo:list-item>
                                                    <fo:list-item><fo:list-item-label end-indent="label-end()" start-indent="0.5cm"><fo:block><fo:inline>·</fo:inline></fo:block></fo:list-item-label><fo:list-item-body start-indent="1cm"><fo:block font-size="24px" color="black">Vysledok otestovany spustenim toku na testovacej mnozine dat</fo:block></fo:list-item-body></fo:list-item>
                                          </fo:list-block></fo:block-container></fo:list-item-body></fo:list-item>
                        </fo:list-block></fo:block-container>
                        
                        <fo:block font-size="24px" color="black"><fo:block linefeed-treatment="preserve">
   . 
   </fo:block></fo:block>
  
                        <fo:block-container start-indent="0.5cm"><fo:list-block>
                                          <fo:list-item><fo:list-item-label end-indent="label-end()" start-indent="0.5cm"><fo:block><fo:inline>·</fo:inline></fo:block></fo:list-item-label><fo:list-item-body start-indent="1cm"><fo:block font-size="24px" color="black"><fo:inline font-weight="bold">Ukazka kodu nastavovania parametrov rezevoara</fo:inline></fo:block></fo:list-item-body></fo:list-item>
                                          <fo:list-item><fo:list-item-label end-indent="label-end()" start-indent="0.5cm"><fo:block><fo:inline>·</fo:inline></fo:block></fo:list-item-label><fo:list-item-body start-indent="1cm"><fo:block font-size="24px" color="black"><fo:inline font-family="monospace">reservoir = Oger.nodes.LeakyReservoirNode(input_dim=INP_DIM, output_dim=100,reset_states=True,leak_rate=0.3,input_scaling=1.1)</fo:inline></fo:block></fo:list-item-body></fo:list-item>
                        </fo:list-block></fo:block-container>
  </fo:block-container>
	</fo:block-container></fo:flow></fo:page-sequence><fo:page-sequence master-reference="PageMaster"><fo:flow flow-name="xsl-region-body"><fo:block-container border="thin solid green" position="absolute" padding="20pt">
    <fo:block-container position="absolute" top="0" height="24%" overflow="hidden">
		<fo:block font-size="32px" color="black" text-align="center">Vysledne parametre a MAPE</fo:block>
    </fo:block-container>

   <fo:block-container position="absolute" bottom="0" height="74%">
                <fo:table><fo:table-body>
                  <fo:table-row>
                            <fo:table-cell border="solid 0.1mm black" font-weight="bold"><fo:block font-size="24px" color="black">Model predikcie</fo:block></fo:table-cell>
                            <fo:table-cell border="solid 0.1mm black" font-weight="bold"><fo:block font-size="24px" color="black">MAPE (trenovana mnozina- Zilina)</fo:block></fo:table-cell>
                            <fo:table-cell border="solid 0.1mm black" font-weight="bold"><fo:block font-size="24px" color="black">MAPE (priemerne narocna mnozina-cadca)</fo:block></fo:table-cell>
                            <fo:table-cell border="solid 0.1mm black" font-weight="bold"><fo:block font-size="24px" color="black">MAPE (najviac narocna mnozina- Velky Krtis)</fo:block></fo:table-cell>
                  </fo:table-row>
                  <fo:table-row>
                            <fo:table-cell border="solid 0.1mm black"><fo:block font-size="24px" color="black"><fo:inline font-weight="bold">8-prediktor</fo:inline></fo:block></fo:table-cell>
                            <fo:table-cell border="solid 0.1mm black"><fo:block font-size="24px" color="black">3.50 %</fo:block></fo:table-cell>
                            <fo:table-cell border="solid 0.1mm black"><fo:block font-size="24px" color="black">3.48 %</fo:block></fo:table-cell>
                            <fo:table-cell border="solid 0.1mm black"><fo:block font-size="24px" color="black">9.84 %</fo:block></fo:table-cell>
                  </fo:table-row>
                  <fo:table-row>
                            <fo:table-cell border="solid 0.1mm black"><fo:block font-size="24px" color="black"><fo:inline font-weight="bold">24-prediktor</fo:inline></fo:block></fo:table-cell>
                            <fo:table-cell border="solid 0.1mm black"><fo:block font-size="24px" color="black">5.07 %</fo:block></fo:table-cell>
                            <fo:table-cell border="solid 0.1mm black"><fo:block font-size="24px" color="black">4.68 %</fo:block></fo:table-cell>
                            <fo:table-cell border="solid 0.1mm black"><fo:block font-size="24px" color="black">11.53 %</fo:block></fo:table-cell>
                  </fo:table-row>
                  <fo:table-row>
                            <fo:table-cell border="solid 0.1mm black"><fo:block font-size="24px" color="black"><fo:inline font-weight="bold">24-prediktor s 96 vstupnymi neuronmi</fo:inline></fo:block></fo:table-cell>
                            <fo:table-cell border="solid 0.1mm black"><fo:block font-size="24px" color="black">4.24 %</fo:block></fo:table-cell>
                            <fo:table-cell border="solid 0.1mm black"><fo:block font-size="24px" color="black">5.12 %</fo:block></fo:table-cell>
                            <fo:table-cell border="solid 0.1mm black"><fo:block font-size="24px" color="black">14.89 %</fo:block></fo:table-cell>
                  </fo:table-row>
                  <fo:table-row>
                            <fo:table-cell border="solid 0.1mm black"><fo:block font-size="24px" color="black"><fo:inline font-weight="bold">Prediktor majuci 48 hodnot na vstupe a vystupe</fo:inline></fo:block></fo:table-cell>
                            <fo:table-cell border="solid 0.1mm black"><fo:block font-size="24px" color="black">5.37 %</fo:block></fo:table-cell>
                            <fo:table-cell border="solid 0.1mm black"><fo:block font-size="24px" color="black">7.41 %</fo:block></fo:table-cell>
                            <fo:table-cell border="solid 0.1mm black"><fo:block font-size="24px" color="black">6.36 %</fo:block></fo:table-cell>
                  </fo:table-row>
                </fo:table-body></fo:table>
      </fo:block-container>
	</fo:block-container></fo:flow></fo:page-sequence><fo:page-sequence master-reference="PageMaster"><fo:flow flow-name="xsl-region-body"><fo:block-container border="thin solid green" position="absolute" padding="20pt">
     <fo:block-container position="absolute" bottom="0" height="50%" width="100%"><fo:block text-align="center" font-size="28px" color="black">Dakujem za pozornost</fo:block></fo:block-container>
  </fo:block-container></fo:flow></fo:page-sequence></fo:root>