﻿<?xml version="1.0" encoding="UTF-8"?>
<presentation xmlns:xsi="http://www.w3.org/2001/XMLSchema-instance" xsi:noNamespaceSchemaLocation="XMLschema.xsd"
description="Ukazkova skratena prezentacia na obhajobu bakalarky s temou Predikcia casovych radov" >

	<startslide>
		       <title>PREDIKCIA CASOVYCH RADOV</title>
            <subtitle>Prezentacia bakalarskej prace</subtitle>
            <subtitle>Autory: Tomas Liscak, Peter Lacko</subtitle>
	</startslide>

  <slide>
   <toppanel>
		    <title>Uvod do problematiky</title>
   </toppanel>

   <downpanel>
                <list list_type="unordered">
                  <listitem><paragraf><text>Predikcia je ekonomicky vyhodna vec</text></paragraf></listitem>
                  <listitem><paragraf><text>Casovy rad ako postupnost hodnot premennej</text></paragraf></listitem>
                  <listitem><paragraf><text>Predikcia hlada kauzalitu medzi historickymi hodnotami danej premennej, alebo hodnotami inych premennych </text></paragraf></listitem>
                  <listitem><paragraf><text >Nahodne kauzality su externy sum</text></paragraf></listitem>
                </list>
    </downpanel>
	</slide>

  <slide>
  <toppanel>
		<title>Uvod do problematiky</title>
  </toppanel>

   <downpanel>
                <list list_type="unordered">
                  <listitem><paragraf><text>Kratkodoba a dlhodoba predikcia</text></paragraf></listitem>
                  <listitem><paragraf><text>Pochopitelnost modelov</text></paragraf></listitem>
                  <listitem><paragraf><text >Rozne modely pre predikciu</text></paragraf></listitem>
                  <listitem>
                      <list list_type="unordered">
                           <listitem><paragraf><italic>Regresia, ARMA, Kalmanov Filter</italic></paragraf></listitem>
                           <listitem><paragraf><italic>Analyza casoveho radu</italic></paragraf></listitem>
                           <listitem><paragraf><italic>Neuronove siete</italic></paragraf></listitem>
                           </list>
                  </listitem>
                </list>
   </downpanel>
	</slide>

  <slide>
   <toppanel>
		<title>Regresia</title>
   </toppanel>
   
   <downpanel>
         <toppanel>
                <list list_type="unordered">
                  <listitem><paragraf><text>Technika hladajuca vztah nezavislych premennych od zavislej </text><italic>(regresne koeficienty)</italic></paragraf></listitem>
                  <listitem><equation>y = b(0) * x(0) + b(1) * x(1) + b(2) * x(2)</equation></listitem>
                  <listitem><paragraf><text>Problem klamlivej kauzality v pripade korelacie</text></paragraf></listitem>
              </list>
         </toppanel> 

        <downpanel>
                  <leftpanel><image location="jednoducharegresia.png" description="jednoducha linearna regresia" title="Jednoducha linearna regresia" /></leftpanel>
                  <rightpanel><image location="viacnasobnaregresia.png" description="viacnasobna linearna regresia" title="Viacnasobna linearna regresia"/></rightpanel>
        </downpanel>
   </downpanel>
	</slide>

  <slide>
   <toppanel>
		<title>Analyza casoveho radu</title>
   </toppanel>

   <downpanel>
     <leftpanel>
                <list list_type="unordered">
                  <listitem><paragraf><text >Sezonnost, cyklickost, trend a nahodna zlozka</text></paragraf></listitem>
                  <listitem><paragraf><text>Cyklicka kriza, sezonna nakupna horucka</text></paragraf></listitem>
                  <listitem><paragraf><text>Metoda klzavych priemerov</text></paragraf></listitem>
                  <listitem><paragraf><text>Hladanie opisnej matematickej funkcie pre rad</text></paragraf></listitem>
                </list>
    </leftpanel>
    <rightpanel>
                <list list_type="unordered">
                  <listitem><equation>Y = T * P * e</equation></listitem>
                 <listitem><equation>Y = T + P + e</equation></listitem>
                 <listitem><equation>P = S + C</equation></listitem>
                 <listitem><paragraf><text>Clanok podrobnejsie opisujuci analyzu casovych radov</text><link location="http://fsi.uniza.sk/kkm/old/publikacie/pp/pp_kap_10.pdf">STUBA</link></paragraf></listitem>
               </list>
    </rightpanel>
  </downpanel>
	</slide>

<slide>
   <toppanel>
		<title>Kalmanov filter</title>
   </toppanel>

   <downpanel>
        <toppanel>
                  <list list_type="unordered">
                        <listitem><paragraf><text >Zmiesava predikciu na zaklade odhadu fungovania systemu a na zaklade odhadu z minulych hodnot, teda zohladnuje dve hlavne stranky informacii.</text></paragraf></listitem>
                  </list>
         </toppanel>
         
        <downpanel>
                <leftpanel>
                   <image location="kalmanov1.png" description="prekryv gausovych zvonov" />
                </leftpanel>
                <rightpanel>
                   <image location="kalmanov2.png" description="prekryv gausovych zvonov" />
                </rightpanel>
        </downpanel>
  </downpanel>
	</slide>

<slide>
   <toppanel>
		<title>Neuronove siete</title>
   </toppanel>

   <downpanel>
        <leftpanel>
                  <list list_type="unordered">
                        <listitem><paragraf><text >Univerzalne aproximatory funkcii</text></paragraf></listitem>
                        <listitem><paragraf><text >Naucenie siete charakteru radu, ktory sa potom snazi generalizovat na netrenovanych vstupoch, najma pri  </text><italic>"pattern recognition"</italic></paragraf></listitem>
                        <listitem><paragraf><emphasis>+ </emphasis><text>Negarantuju konvergenciu ku globalnemu minimu, komplikovane nastavenie parametrov, casovo narocne na trenovanie</text></paragraf></listitem>
                        <listitem><paragraf><emphasis>- </emphasis><text>Kvalita predikcie</text></paragraf></listitem>
                  </list>
         </leftpanel>
         
        <rightpanel>
                        <list list_type="unordered"> 
                                          <listitem><paragraf><emphasis>Typy ucenia</emphasis></paragraf></listitem>
                                          <listitem>
                                          <list list_type="unordered">
                                                    <listitem><paragraf><text>Kontrolovane</text></paragraf></listitem>
                                                    <listitem><paragraf><text>Nekontrolovane</text></paragraf></listitem>
                                                    <listitem><paragraf><text>Na zaklade hodnotenia cinnosti</text></paragraf></listitem>
                                          </list>                        
                                          </listitem>
                        </list>
                   <image location="neuron.png" description="zakladna struktura neuronu" />
        </rightpanel>
  </downpanel>
	</slide>

<slide>
   <toppanel>
		<title>Navrh a implementacia</title>
   </toppanel>

   <downpanel>   
                         <list list_type="unordered"> 
                                          <listitem><paragraf><emphasis>Implementacia siete pomocou kniznice Oger, ako nadstavba na MDP (Modular Data Processing)</emphasis></paragraf></listitem>
                                          <listitem>
                                          <list list_type="unordered">
                                                    <listitem><paragraf><text>Priprava davok dat (vstupne, ucebne)</text></paragraf></listitem>
                                                    <listitem><paragraf><text>Trenovanie toku (funkcne jednotky rezervoar a linearna regresia)</text></paragraf></listitem>
                                                    <listitem><paragraf><text>Vysledok otestovany spustenim toku na testovacej mnozine dat</text></paragraf></listitem>
                                          </list>                        
                                          </listitem>
                        </list>
                        
                        <paragraf><breakline/></paragraf>
  
                        <list list_type="unordered">
                                          <listitem><paragraf><emphasis>Ukazka kodu nastavovania parametrov rezevoara</emphasis></paragraf></listitem>
                                          <listitem><paragraf><code>reservoir = Oger.nodes.LeakyReservoirNode(input_dim=INP_DIM, output_dim=100,reset_states=True,leak_rate=0.3,input_scaling=1.1)</code></paragraf></listitem>
                        </list>
  </downpanel>
	</slide>


    <slide>
    <toppanel>
		<title>Vysledne parametre a MAPE</title>
    </toppanel>

   <downpanel>
                <table>
                  <tablerow>
                            <tablecell_colname><paragraf><text>Model predikcie</text></paragraf></tablecell_colname>
                            <tablecell_colname><paragraf><text>MAPE (trenovana mnozina- Zilina)</text></paragraf></tablecell_colname>
                            <tablecell_colname><paragraf><text>MAPE (priemerne narocna mnozina-cadca)</text></paragraf></tablecell_colname>
                            <tablecell_colname><paragraf><text>MAPE (najviac narocna mnozina- Velky Krtis)</text></paragraf></tablecell_colname>
                  </tablerow>
                  <tablerow>
                            <tablecell_content><paragraf><emphasis>8-prediktor</emphasis></paragraf></tablecell_content>
                            <tablecell_content><paragraf><text>3.50 %</text></paragraf></tablecell_content>
                            <tablecell_content><paragraf><text>3.48 %</text></paragraf></tablecell_content>
                            <tablecell_content><paragraf><text>9.84 %</text></paragraf></tablecell_content>
                  </tablerow>
                  <tablerow>
                            <tablecell_content><paragraf><emphasis>24-prediktor</emphasis></paragraf></tablecell_content>
                            <tablecell_content><paragraf><text>5.07 %</text></paragraf></tablecell_content>
                            <tablecell_content><paragraf><text>4.68 %</text></paragraf></tablecell_content>
                            <tablecell_content><paragraf><text>11.53 %</text></paragraf></tablecell_content>
                  </tablerow>
                  <tablerow>
                            <tablecell_content><paragraf><emphasis>24-prediktor s 96 vstupnymi neuronmi</emphasis></paragraf></tablecell_content>
                            <tablecell_content><paragraf><text>4.24 %</text></paragraf></tablecell_content>
                            <tablecell_content><paragraf><text>5.12 %</text></paragraf></tablecell_content>
                            <tablecell_content><paragraf><text>14.89 %</text></paragraf></tablecell_content>
                  </tablerow>
                  <tablerow>
                            <tablecell_content><paragraf><emphasis>Prediktor majuci 48 hodnot na vstupe a vystupe</emphasis></paragraf></tablecell_content>
                            <tablecell_content><paragraf><text>5.37 %</text></paragraf></tablecell_content>
                            <tablecell_content><paragraf><text>7.41 %</text></paragraf></tablecell_content>
                            <tablecell_content><paragraf><text>6.36 %</text></paragraf></tablecell_content>
                  </tablerow>
                </table>
      </downpanel>
	</slide>

  <endslide>
     <thankingnote>Dakujem za pozornost</thankingnote>
  </endslide>

</presentation>